metric,value
n_rows,10
hyb_int_min,15.16605002191498
hyb_int_avg,17.163569821701497
mip_obj_min,14.542825415982126
mip_obj_avg,17.229477015796487
gap_pct_avg,20.746422462454483
hyb_total_avg_s,nan
polish_time_avg_s,nan
mip_time_avg_s,30.49525442123413
