metric,value
n_rows,10
hyb_int_min,15.16605002191498
hyb_int_avg,17.163569821701497
mip_obj_min,14.542825415982126
mip_obj_avg,17.25102613930769
gap_pct_avg,20.92640963285264
hyb_total_avg_s,nan
polish_time_avg_s,nan
mip_time_avg_s,30.140663743019104
